GeniusName,Title,Lyrics,Artist
Daddy Lord C,Ce que la rue te donne,"4 ContributorsCe que la rue te donne Lyrics[Intro]
Ouais, prends garde à toi MC
Fais gaffe, tourne pas le dos MC, prends garde à toi
Prends garde à toi MC
Fais gaffe, tourne pas le dos
Fais gaffe, fais gaffe

[Couplet 1]
C'est fou comment l'argent, les gens, même toi as plutôt changé
Depuis que je te vois manger sous prétexte que tu t'es rangé
Néglige de te venger
Bataille clairement au moindre danger
Combien d'affreux [?] ramassé à la petite cuillée
Pas grâce à toi, même pour l'honneur [?] dépouiller
Tu fuyais, craignant que la police vienne t'ennuyer
Après qui on retrouve vantant les quartiers chaud au mois de juillet?
Dans le domaine du courage, si l'on te paye, plus on me paye
À croire qu'un bon flow, du baratin ça fait des merveilles
Évidemment dans ton attitude, t'as pas ton pareil
Mais gare au réveil, [?] sort de sa bouteille
Moët & Chandon, Black & White, [?] d'la cité
Pure sans puls-cru d'la rue, rien qu'la qualité
Toute l'année t'es invité, pas seulement un son pour l'été
Gamin en VTT, lascar en BMW
Ramène ton pé-pé
Kiffe ma dope comme dit Gué-gué
Pas une raison j'offre a tout le monde le pot de l'amitié
Aucune pitié que tu sois pauvre ou plein de liquidités
You might also like[Refrain]
(Chacun son tour), j'attendrai pas, pour te faire la peau
Ce que la rue te donne peut te le reprendre a tout bout de champ (x3)

[Couplet 2]
Renie ton quartier, sous prétexte au bras une montre Cartier
Langage de charretier, slang, l'argot extraverti
Lequel avec dans les party tu faisais la sère-mi
En l'occurrence, trémousser, les immigrés, tes amis
M'sieur joue les mondains
Depuis qu'il est devenu quelqu'un
Il y en a plus d'un, qui rêve de te briser les reins
Mais ça ne fait rien, ça te fait rien, m'sieur boit du vin
Porte du lin, manque pas d'compagnie pour les câlins
Faut dire avant tu mangeais des pâtes, aujourd'hui t'es fat
Vas pouvoir enfin soulager ta rate gaver de tsap
Ta famille tu t'en tapes, ce qui compte, l'argent entre tes mains moites
Des nouvelles connaissances, celles qu'on rencontre qu'en boite
Tu t'en fiches, soit ! Après traite pas la vie d'ingrate
Tout ça parce que tu racles, quand chez toi débarque les hommes en cravate
Ou l'on te savate, t'as pas voulu partager
Seul tu as mangé, seul garçon tu vas plonger
Que toi pour regretter ou reculer, même y songer
Se venger, contente-toi ton sang de l'éponger

[Refrain]
(Chacun son tour), j'attendrai pas, pour te faire la peau
Ce que la rue te donne peut te le reprendre à tout bout de champ (x3)
[Couplet 3]
T'étonne pas si dorénavant, l'on te passe un savon
Puisque auparavant, avec tes gars tu traînais souvent
Fidèle d'ailleurs comptant qui te le prouve a tout moment
Vu ton quartier solidaire en concert sans cesse en mouvement
Maintenant exactement, que deviennent ces lieutenants
Que deviennent ceux qui mirent a ton service leur côté violent
Ose attendre pour autant d'l'argent un geste galant
Mais qu'à présent, tu arbores les rues cigare au volant
Prétentieux, pourquoi faisais du boucan de délinquant
Pousse pas l'bouchon trop loin, elle t'aime, je sais, mais gare au volcan
Ce que la rue te donne peut te le reprendre à tout bout de champ
C'n'est pas tout le monde que tu corromps avec un billet de 500
Même au fin fond de ma banlieue où coule le bon son
Ou voulait une profession banale comme d'autre une fonction
Quel que soit le dilemme, la situation aucune délation
Trahison dépit des exactions
Commises par le crew
Autant finir sous les verrous
Six pieds sous terre au cimetière couché au fond d'un trou
Que ça ne vaille ou pas l'coup, je lâche pas mes gars malgré tout
Je laisse ça aux autres, tant pis pour moi si je me vautre
Chacun son tour mais j'attendrai pas pour te faire la peau
Ce que la rue te donne peux te le reprendre à tout bout de champ

[Refrain]
(Chacun son tour), j'attendrai pas, pour te faire la peau
Ce que la rue te donne peut te le reprendre à tout bout de champ (x4)
Ce que la rue te donne peut te le reprendre à tout bout de champ

A tout bout de champEmbed",Daddy Lord C
Daddy Lord C,Fais-le bien,"1 ContributorFais-le bien Lyrics[Couplet 1]
V'là la lame dans ta shoes, le soleil quand t'as chaud
La rébellion, le coup d'état, le fusil d'assaut
Ça fait un bout d'temps, qu'tu m'as pas pas entendu
J'ai rien perdu, j'ai l'flow, bien entendu
J'apparais pas pour faire le rigolo
Je laisse aux autres de vendre pour du dombolo
Je respecte mon boulot, avec ou sans promo
Rimer, le faire bien, en plus sans trop de gros mots
Représenter cet amour qui t'embrasse tendrement
Dire qu'notre avenir au quartier, on l'voit autrement
J'me lève comme toi, tous les matins
Affamé, voire pitbull, tous les matins
Un vrai dog, un vrai thug, un Lounès Matoub
Je l'dis aux cons on veut péter ma couv'
Beaucoup m'approuvent, toi-même tu t'y retrouves, gros

[Refrain]
Le MC, si tu l'fais, fais-le bien
T'étonne pas après si ce cercueil, c'est le tien
La vérité si tu la dis, dis-la bien
Qu'on t'compte toujours parmi ceux dont on dit du bien
Mon nom si tu l'écris, écris-le bien
Tu seras jamais le dernier, à l'esprit qui nous viens
Le quartier, tu l'décris, décris-le bien
Ne mets pas en valeur que les bons à rien
You might also like[Couplet 2]
Je viens toucher le monde, c'est une mise à l'amende
Verre de thé à la menthe en voiture allemande
Je suis pas à la mode XXX loin d'là
La loi du bitume, la rue, je viens d'là
Avec les putes, les flics et tout c'qui vient d'là
Qu'il y ait une descente, qu'on me descende
L'essentiel pour chacun, qu'la balle soit remise au centre
Je perds pas mon temps, j'ai choisi mon camp, toi ton boucan
Que mes gosses tiennent un bouquin
Oublie-moi si des principes, t'en as aucun
Qu'tu t'sens mal si je suis jaune, noir ou encore Marocain
Compte tenu que le bruit tourne, la vie continue
Mais une chose surveille ton langage si on continue
Ici on a d'quoi te faire grimper aux rideaux
Que tu 	fugues comme sur ce poulet dans ton frigo

[Refrain]
Le MC, si tu l'fais, fais-le bien
T'étonne pas après si ce cercueil, c'est le tien
La vérité si tu la dis, dis-la bien
Qu'on t'compte toujours parmi ceux dont on dit du bien
Mon nom si tu l'écris, écris-le bien
Tu seras jamais le dernier, à l'esprit qui nous viens
Le quartier, tu l'décris, décris-le bien
Ne mets pas en valeur que les bons à rien
[Couplet 3]
À quoi veux-tu ressembler, à un gars qui fait semblant
Plein de faux-semblants, uzi même sans plan
Ça devient à la mode de devenir un hustler
Franchement entre nous, est-ce le moment, est-ce l'heure
La vie qu'tu mènes ne sera jamais un best-seller
Même si t'as pas en paix ces nerfs et dans le vol tu persévères
Consomme pas ces merdes, ça nous convient pas c'est mort
Je cours pas après ces chimères, pourquoi le bon son se meurt
En plus, aujourd'hui j'suis pas d'humeur
Autre chose à penser, moi ma ville y a pas de maire
Pour avancer, le hip-hop ma voie et quelques potes
Se mettre bien, toujours reçu dans quelques boîtes
Un point d'honneur si dans la famille quelqu'un lutte
T'es stressé? Écoute ça, prends quelques lattes
Tu verras qu'tu connais pas mais c'est pas mauvais
Dépêche-toi, n'attends pas ce jour où je m'en vais
Toute façon, tu verras si je m'en fais

[Refrain]
Le MC, si tu l'fais, fais-le bien
T'étonne pas après si ce cercueil, c'est le tien
La vérité si tu la dis, dis-la bien
Qu'on t'compte toujours parmi ceux dont on dit du bien
Mon nom si tu l'écris, écris-le bien
Tu seras jamais le dernier, à l'esprit qui nous viens
Le quartier, tu l'décris, décris-le bien
Ne mets pas en valeur que les bons à rienEmbed",Daddy Lord C
Daddy Lord C,Freaky Flow 1995 Remix,"8 ContributorsFreaky Flow 1995 Remix Lyrics[Daddy Lord C en solo]

[Couplet 1]
Suzie était une fille du genre de celles qui rassasient
Aussi bien montée, compacte qu'un pistolet Uzi
Uzi, te fais pas d'souci c'coup-ci pas d'homicide
Cette meuf parmi les autres elle fait office d'insecticide
La rencontre s'effectua un mardi dans une party
Pleine à craquer qu'on se serait cru un samedi à Darty
J'avertis, avec ou sans képi je m'incruste rect-di
Tout de suite la voici sexy qui occupe mon esprit
Ses jambes, fines, belles, bonnes, longues, rondes, dodues, jolies
La fin je passe dessus dans l'unique but de rester poli
Elle débarque dans ma vie comme un coup de fusil à pompe
Tout ça pour vous dire : je cirai même ses pompes
Le D-a-d-y, la grosse pointure, le dur, le totem
Coincé tel un gosse, un gamin le jour de son baptême
J'avais le freaky flow (« freaky freaky flow »)

[Refrain] (x2) :
« Freaky, freaky, freaky freaky flow » (freaky flow)
« Freaky, freaky, freaky freaky flow » (freaky flow)
« Freaky, freaky, freaky freaky flow » (freaky flow)
« Freaky, freaky, freaky freaky flow »

[Couplet 2]
Remplie de gaz, pleine de faces et faux airs d'enfant sage
Je bousille ton courage, te forçant à tourner la page
Suffit que tu te fâches, qu'elle perde son sourire aux lèvres
Que veux-tu que je réponde à part que moi même j'avais la fièvre ?
Elle disait toujours non pour ce qui est de rendre un homme content
Ceci étant pour tout dépense vainement mon argent comptant
Sac à main, veste chic, chaussures en croco
Elle m'a quitté illico pour rejoindre un toxico
Ca m'apprendra à jouer les timides, les tendres, les Bell Biv DeVoe
C’est mon talon d’Achille, ma faiblesse, mon défaut
Elle se la raconte trop, vraiment, pour ce qu'elle vaut
J'avais sous-estimé son vice de haut niveau
You might also like[Refrain] (x2)

[Couplet 3]
Suzie n'arrêtait pas de commettre des bêtises
Cela constituait son trip, son pied, sa hantise
Je ne comptais pas prendre une décision hâtive
Mais au rythme, mouvement, à la façon dont les choses s'activent
Il faut agir, ce problème s'éternise
Je reste, demeure un homme d'action qu'on se le dise
Le D-a-d-y L-o-r-d C te brise
Suzie l'a saisi pour sa plus grande surprise
Doucement, lentement, je m'impose pour qui ose
Sous prétexte d’avoir avalé des Cheerios
Nuire à mon business qu'est le rap, la fesse
Pas de politesse en ce qui concerne le sexe
Le calme, le pardon à d'autres je les laisse
Foncer, se dépenser, s'enfoncer, s'élancer
Lancer en français du sensé bien pensé
Voici l'odyssée, le Calypso de mes pensées
Bonnes ou mauvaises, lascar mets-toi à l'aise
J'apaise le malaise qui pèse car en gros
J'annonce la couleur, indique la météo
Le Maître Capello des lettres et des mots
Avait le freaky freaky freak, le freaky flow

« Freaky, freaky, freaky flow »
[Refrain] (x3)

[Outro]
Yo, pour La Cliqua !
Freaky Flow remix , dans la place !
C'est comme ça que ça se passe !Embed",Daddy Lord C
Daddy Lord C,Hustler,"3 ContributorsHustler Lyrics[Couplet 1]
J'reste normal, ouvert à tous malgré mes airs sérieux
C'est curieux, vivre ainsi ça peut être périlleux
Vu tout c'que j'ai vu sur les miens, c'qu'on a créé
Ça perturbe pas mon flow, son talent, bête de V.O
T'façon moi mon équipe, lumière éteinte, nous brillerons
Ni vibrons, nique les jaloux, j'avoue seul eux se grilleront
Non, je n'me cache pas derrière la religion
Derrière mes gens méchants, mec tu connais le nom de ma légion
Le son de ma région
Le pourquoi du comment, ma raison
Ce avec quoi, pour durer, j'traverse les saisons
Parlons-en, parlons-en vite fait, j'suis pris par le temps
Y a pas une chose qu'on peut partager et parler taro

[Refrain (*2)]
Hustler, Daddy Lord C
Insolent, Hustler
Hustler, Hustler, Daddy Lord C
Insolent, Hustler, Daddy Lord C remet de l'ordre ici

[Couplet 2]
XXX quand tu dois, sois celui qui paie ses dettes
Si tu penses qu'être connu peut tout combler, c'est bête
Le besoin m'embête, dans l'rap cette bête de compète
Ceux qui s'la pètent, coupe la tête
Ton sale couplet
Les vieux m'apprécient
Quelqu'un souffre, apporte-lui de l'aide
La rue mon XXX, si y a drah XXX de l'être
Ça la fout mal car dans l'domaine il n'existe pas de maître
Le danger le mesurer, j'connais pas de mètre
On sait tous si j'espère sur des préjugés
En tous cas, entre toi et elle qui va mieux me sucer
Chacun à sa place, y aurait moins de soucis
Moins de ceci, moins de cela
Des défauts j'en ai
Pourquoi pas, j'vais pas m'gêner
Quand il s'agit d'donner d'moi j'connais pas d'limite
You might also like[Refrain (*2)]
Hustler, Daddy Lord C
Insolent, Hustler
Hustler, Hustler, Daddy Lord C
Insolent, Hustler, Daddy Lord C remet de l'ordre ici

[Couplet 3]
Me vante pas, une fois de plus, les sarcasmes de ton génie
J'vais pas finir menottes aux mains, accroupi à genoux
J'ai envie de m'investir dans ce qu'il y a de flou
De croire en l'amour, aux sentiments, pas les films porno
Que les déboires de l'amitié sont inspirés par nous
Et j'te revoyais que s'consomme toujours ce tord-boyaux
Jamais jeter mon XXX avec l'eau du bain
De plus, j'conçois pas ma vie sans rien, comme un jour sans pain
De nos jours le père Noël porte un bas d'laine
Compte-tenu que t'as pas mûri le tien bat d'l'aile
J'causerai pas de paix, c'qui la veut l'appelle
Tout ça n'a pas de prix, impossible de me doubler
Bien qu'on s'en fout du blé, t'évites de trembler
Personne t'as troublé, et qu't'oublies pas c'couplet
Si, si

[Refrain (*2)]
Hustler, Daddy Lord C
Insolent, Hustler
Hustler, Hustler, Daddy Lord C
Insolent, Hustler, Daddy Lord C remet de l'ordre iciEmbed",Daddy Lord C
Daddy Lord C,Incorruptibles pt. 2,"1 ContributorIncorruptibles pt. 2 Lyrics[Intro]
OK, 9-1, l'Essonne gros
1-3, Marseille
DLC, AKH
Ha ha!
Dirty dirtyy, daddy daddy
Écoute ça
Accroche-toi

[Couplet 1: Daddy Lord C]
Y a trop d'flics politicos qui jouent les cow-boys
Autant d'jeunes de cités et d'banlieue qui font les homeboys
On baille, sauf si c'est pour nous traiter comme boys
Usés, manipulés comme une X-Box ou Game Boy
Personne veut devenir cette pute que t'as vue nue
Dans un film X, à l'hôtel ou sur l'avenue
Nos gosses disent papa, le père Noël n'est pas venu
Y a des livres saints même si gamin j'en ai peu vu
On s'entend, si c'est le chemin que tu vises c'est parfait
Jamais ces délits par besoin qu'tu finisses par faire
Rester franc et sincère, durer dans l'temps ça sert
Sauf que tu trouves ça cher, dis chez toi c'qui s'avère
[Akhenaton]
Écoute les sanglots longs d'ces violons d'automne
C'est la BO d'ma tuerie, mon avertissement, danger
Quand j'suis passé au crom', un truc de puriste
Pas d'abrutis passés au poste et pourquoi tu ris hamdeck
Ils vont finir par t'jeter au coffre
Au pire ils t'zinguent, au mieux ils t'envoient l'fisc
Et pour eux tu n'es rien qu'un d'ces chimpanzés sur la piste
Un monde où les coupables sont freluqués en victimes
Mais tu verras personne en prison quand sera passé Clearstream
Et pendant tout c'temps, nos fesses sont dans les voitures
À monter à fond ces sons et croiser dans les avenues
Non ils m'font pas rêver avec Clovis et Charlemagne
Ils ont peur de nos gueules comme avant ils flippaient sur l'Allemagne
You might also like[Refrain: Akhenaton (*2)]
Pourquoi t'amputer si le diable est dans la maison (pourquoi?)
Et jouer les chauds, on sait qu'l'hiver sera la saison
C'est vrai on sait qu'l'effet d'annonce nous a tous trompé
Ça finit en sirènes de flics et pompiers
(Incorruptibles, incorruptibles, incorruptibles)

[Couplet 2: Daddy Lord C]
Incorruptibles, la cargaison, avec j'ai bâti ma maison
C'est dans mes gènes pas ma mission, bah j'y suis collé
J'porte mes origines, ma banlieue mon labeur, comme un collier
Ma condition de position de reddition de réaction de satisfaction
Production fait l'encre couler
Pour l'Élysée la rue pas d'journée d'repos si on doit y retour'
T'as pas vu, vu, pourquoi t'es borné
Tu votes pas, on t'as eu, eu
Ici si t'abuses ou tu flaires, on te hmm hmm
Surtout confonds pas, lorsque tu nous as vus, vus
On connaît le blabla, ceux d'en haut, ceux d'en-bas, bas
Arriver à ses fins, trois carottes et puis s'en va, va
Politique ou rap à cage, c'est c'qui nous sans blabla
[Akhenaton]
On bouge la nuit sans faire de vague, nos cahiers comme des fers de lance
Nos aka sont sur les rames, nos classiques dans les tours de France
Et poussent dans les halls ou dans les clubs
Certains rêvent de danger alors d'entrée ça joue les thugs
Mais la race des bandits ne joue pas dans les cages
Ni shit ni coke ni crack
Trafique pas les pouchka dans les caves, frère ils s'en foutent des blocs
Pas prêts à tout pour grimper dans les hits et dans les charts
One love à ceux qui rappent, qui scratchent, graffent et qui dansent
Au mic avec l'arc, défend notre art
Mate nos poings, on les baisse pas, feu dans le regard
On monte la garde, si t'es malsain dis vas-y qu'est-ce t'as
Mon son lèche pas les culs blindés des BCBG
Frère on change ton séjour dans le rap en vrai CDD
[Refrain: Akhenaton (*2)]
Pourquoi t'amputer si le diable est dans la maison (pourquoi?)
Et jouer les chauds, on sait qu'l'hiver sera la saison
C'est vrai on sait qu'l'effet d'annonce nous a tous trompé
Ça finit en sirènes de flics et pompiers
(Incorruptibles, incorruptibles, incorruptibles)Embed",Daddy Lord C
Daddy Lord C,J’En Balance Une Pour Mes Gars,"2 ContributorsJ’En Balance Une Pour Mes Gars Lyrics[Intro]
Yeah, 'coute ça
XXX
Cliqua seulement, Raphaël
MC
Cliqua seulement
Daddy Lord MC, Cliqua seulement
Cliqua seulement
'coute ça

[Couplet 1: Raphaël]
Tends l'oreille, prête attention
Rentre dans mon délire XXX l'atmosphère
Qui s'imprègne dans ton sang comme une injection
Geste sauvage pour ma nation
Kiffe le son sur lequel j'kicke, ma section
Pour la bonne caille, Raphaël d'la maison donne du bon rap de rue
Où les thèmes englobent mon vécu qui longe bien trop d'avenues
J'suis pas perdu loin d'là, j'sais où sont mes phrases
J'en balance une pour tous mes gars, trop d'affreux dans la place
Ressens les sensations, vibrations, les mots qu'j'donne avec émotion
La rage que j'lâche au mic, j'la partage avec ma population
Ça sonne cru pour tous mes gars d'cité
Mon public de base, big-up aux XXX d'mon quartier
Sans limite, mon délire n'a pas d'frontière
Ma musique augmente le niveau, monte l'adrénaline
J'lâche des ondes phonétiques
XXX soit dans la tess, j'fume d'la vraie sens'
Focalise mon stress, malgré tout ça je progresse grâce aux miens
J'ai l'mic en main, j'le lâcherai pas demain
Sois-en certain frangin, j'compte bien brouiller mon quotidien
Les principes sont stricts, j'aime ça
J'ai grandi dans c'milieu-là
Que ça vous plaise ou non, ça me restera
You might also like[Refrain: Raphaël]
Quoi quoi?
J'fais mon truc, c'est pour ça qu'suis là
Quoi quoi?
Avec honneur j'en balance une pour tous mes gars

[Couplet 2: Daddy Lord C]
J'en balance une aux vrais gars
Nourris de XXX break et d'braquages
Braille pour têtes brûlées, tas d'prolos qui tendent à briller
Pour l'billet, évite pas l'bagne et l'billard
(Cliqua seulement, yo Cliqua seulement)
Pour un bout d'terrain, bagarre, prise de gueule à coups d'barre
Moins la vie est longue, plus ici l'on se couche tard
La pauvreté une tare qu'on essaie d'fuir sans faire de mitard
Cueillir quelques miettes de souffle avant la mort de ton corps s'empare
Fumée du cigare, l'argent l'oseille le flooze or en barres
L'amour, un moment d'répit pour ton esprit barbare
Réussir dare-dare, pareil aux stars auxquelles tu t'compares
Le diable des Lombards, le prince des lascars, roi des loubards
Ces mots vont bien plus loin qu'ton nom tagué sur les murs d'une gare
Pardonne-moi, j'mâche pas mes mots à ton égard
Méfiant des mauvais regards
Des ragots, des traîtres, d'la langue des mouchards
De ceux qui t'la jouent XXX baltringues, froussards
Faut s'adapter XXX capter, maintenant jactez
Ouais, j'en balance une aux vrais gars
Vrais gars
[Outro]
Pour mes vrais gars, c'est ça
La Cliqua, mes vrais gars
Raphaël, mon vrai gars
Rocca, un vrai gars (vrai gars, vrai gars, quoi quoi?)
Pour tous mes gars
Paris, mes vrais gars
Pour tous mes gars
Parce que j'suis one love
Coute ça, MC
Vrais gars
Comme ça que j'fais
J'en balance une aux vrais garsEmbed",Daddy Lord C
Daddy Lord C,La Lumière,"1 ContributorLa Lumière Lyrics[Couplet 1]
J'arrive avec le flow, les mots, le reste mon blaze le fournit
Un produit français, non ça vient pas de Californie
Ça va soulager ta tête tes pieds si t'as des fourmis
Et changer ton opinion à c'qu'on t'a dit sur moi
Non c'est pas un mytho au mic qui dit des sornettes
Qui ressasse à qui veut l'savoir, rien qu'il est fort mec
Et jamais dans un contentieux qui s'en sort net
Toujours XXX si y a un drame, il cherche à s'en remettre
C'est loin derrière, les cours et la cité
Obligé d'être plus finaud pour le cash et la GTI
XXX si je t'ai eu, me parle pas de CPE
Le temps défile autant qu'mes phrases en stéréo pleuvent
L'amour d'mes gosses et d'mon équipe, qu'espérer en plus
Pour XXX ces larmes ces XXX en teuf
Au retour ""mains sur l'capot"" c'que dira un keuf
Le refaire, pourquoi pas tant qu'j'peux remplir le coffre
Faut autant d'appétit qu'c't enculé de Jean-Pierre Coffe

[Refrain (*2)]
J'suis la lumière éteinte lorsque tu prends ton temps
La banlieue ou l'monde, c'est prends prends prends
La rage du ghetto, c'est bang bang bang
Sirènes de police, ainsi font font font

[Couplet 2]
Ça y est j'casse des dents, v'là qu'tu m'caces-dédi
Tu dis mon nom, moi souvent le gars case Teddy
Qu'est-ce t'as dit hier, à présent qu'est-ce t'en dis
Même si t'apprécies pas, faut qu't'encaisses, tant pis
À propos cache ta go, même si t'as pas XXX
Elle kiffera quand même ce type qui roule en caisse tapée
Qui pense qu'à s'taper, te prendre qu'est-ce t'avais
Tu XXX ravive ça, mon Dieu putain mais qu'est-ce t'as fait
Qu'est-ce ça fait, tout c'que t'as fait, qu'est-ce t'as pu
Qu'est-ce t'as vu, bouger comme ça mais qu'est-ce t'as bu
C'est mon putain d'son qui tourne tonton, c'est c'que j't'avoue
You might also like[Refrain (*2)]
J'suis la lumière éteinte lorsque tu prends ton temps
La banlieue ou l'monde, c'est prends prends prends
La rage du ghetto, c'est bang bang bang
Sirènes de police, ainsi font font font

[Pont]
Je suis la lumière
Qui t'éclaire dans le noir
La rage du ghetto
Sirènes de police
J'suis la lumière, la lumière
La banlieue, la banlieue
La rage du ghetto, du ghetto
Sirènes de police, de police

[Couplet 3]
Ta vie est mal barrée, en plus tu peux pas t'barrer
Un crédit, une femme des gosses une voiture à réparer
Un frère taré, une sœur qui s'prend pour Mariah Carey
Il reste une chose, mon son gros, au moins ça c'est carré
C'est comme un Glock, une carte Premier, faut pas s'en séparer
Ou l'retour de Mormeck, surtout s'y préparer
Dur de boucler, vous l'savez, toutes les fines bouches
T'étonne pas, pour qu'tu t'couches, j'en rajoute une petite couche
Parler de quoi, du rap ce qu'il en reste, il m'manquerait de l'encre
T'façon j'suis pas du genre à blâmer ou critiquer l'autre
Plutôt calculer ce qui peut me manquer, tu notes?
Je sais de quoi j'parle, j'ai mis mes mots sur la table
Dédicace à ceux dont le bruit est déduit à table
Francs et efficaces comme une thérapie XXX
J'ai jamais eu besoin, moi, de baratiner
[Refrain (*2)]
J'suis la lumière éteinte lorsque tu prends ton temps
La banlieue ou l'monde, c'est prends prends prends
La rage du ghetto, c'est bang bang bang
Sirènes de police, ainsi font font fontEmbed",Daddy Lord C
Daddy Lord C,L’Âme Sœur,"1 ContributorL’Âme Sœur Lyrics[Couplet 1]
Samedi, la soirée, celle d'la semaine dernière
J'l'avoue, franchement a foiré
Cette fois j'vais y croire et j'mets l'paquet pour fuir l'dawa, l'enfoiré
Rencard avec une go, une petite perle plutôt bien taillée
Un flow gratte-papier, bien sapé, d'la maille, du style et ça y est
J'me pointe en retard déjà j'l'entends en train d'piailler
(c'est à c'tte heure-ci qu't'arrives? j'en ai marre, ça fait cinq minutes que j't'attends)
Pour la calmer soirée disco mais d'abord grailler
J'veux l'éliminer, mais tête brûlée comme un [?]
Pas l'genre de minet, efféminé, blindé d'monnaie
Prêt à tout, baltringuer, ramper, lécher, s'faire vanner
Plutôt caner qu'de laisser ma poire, fini d'ricaner
Personne je permets, si c'n'est celle qui a fait d'moi son nouveau-né
Bien élevé, bien [?] rap dur j'ai grandi, gavé, arpenté l'pavé
Les mains sales, si tu savais
La loi entravée pour qu'dans la rue j'passe, on m'dise ""avé""
Lagerfeld, Ralph Lauren
Ça frime, ça flambe, s'prend pour Sophia Loren
La [?] elle a rien à dire, tu parles, y en a qu'pour mes oreilles
""T'as une voiture, t'es garé où, c'est quelle marque d'abord?""
V'là qu'elle veut un chauffeur, j'suis pas chauvin
Mais Claudia Schiffer commence à m'chauffer
J'suis chaud j'y vais j'démarre j'abrège
T'façon tôt ou tard fallait y venir
Au peu qui puisse te convenir pour l'avenir et les jours à venir
(non mais moi tu m'as prise pour qui là?)
[?] j'arrive [?] la couche au plumard
J'sens qu'autant d'chiffres sur un chèque, c'est pas plus mal
[?] elle m'coûte la peau des seufs, j'dégoûte la demoiselle
En causant d'mes Coste-La, toute la nuit t'bagarre, écoute-la
You might also like[Refrain: Daddy Lord C & Leila Rami]
L'âme sœur
Besoin d'idéal
Si tu cherches
L'âme sœur (triche pas)
Pour jouer à armes égales
Si tu cherches
L'âme sœur
Besoin d'une étoile
Si tu cherches
L'âme sœur
Aussi pure que du cristal

[Couplet 2]
Mercredi, pas [?] ou d'concert, j'suis en congés
Pas d'ongles s'ronger, [?] l'pif à éponger
Risquer d'plonger faiblir, flancher, mordre le plancher
Ici c'est cances-va et quand ça va m'reposer [?]
C'est pas la me-da la nouvelle dans l'immédiat qui va m'aider à
[?] faits-divers, infos, médias
Avec tous les [?] cartonnés qu'elle connaît
[?] j'connais c'que désire c'est tricard paumé
Désolé, j'sais pas l'pardonner
Elle me rend parano quand j'guette ses mains, un doigt par anneau
Autant parier sur la [?] être parrainé
C'est pas une fille pour toi, elle va te tuer
V'là qu'mes parents m'disent
Mon paradis part en parodie, question savate, heureusement, j'suis pas radin
(mais attends, qu'est-ce que tu fais là, c'est qui çui-là?)
[?] j'm'acquitte, v'là c'que ça m'coûte
Ma cote et une putain d'répute de Tonton Makoute
[Refrain: Daddy Lord C & Leila Rami]
L'âme sœur
Besoin d'idéal
Si tu cherches
L'âme sœur (triche pas)
Pour jouer à armes égales
Ouais si tu cherches
L'âme sœur (l'unique, la seule)
Besoin d'idéal
Si tu cherches
L'âme sœur
Aussi pure que du cristal

[Pont]
Après l'freaky flow, maintenant j'ai l'fric et l'flow
V'là falloir encore qu'j'évite le vrac et [?]
Des plans galère, en v'là à la pelle
Si tu prends pas la peine de rentrer ton instinct [?] et bien gaillard, tu resteras pèlerin
Mais apprends sur Terre, qu'des femmes, pas d'pénurie

[Refrain: Daddy Lord C & Leila Rami]
L'âme sœur
Besoin d'idéal
Si tu cherches
L'âme sœur (triche pas)
La seule, l'unqiue
Si tu cherches
L'âme sœur
Pour jouer à armes égales
L'âme sœur
Besoin d'idéal
Si tu cherches
L'âme sœur
Besoin d'une étoile
Si tu cherches
L'âme sœur (la seule, l'unique)
Aussi pure que du cristal
(ouais, triche pas)
Si tu cherches
L'âme sœur
L'âme sœurEmbed",Daddy Lord C
Daddy Lord C,"La vie, un combat","4 ContributorsLa vie, un combat Lyrics[Intro: Dontcha]
D-O-N-T-C-H-A
Tu me connais
Aight
9.8, je représente, gars

[Chorus]
[Dontcha et Daddy Lord C]
Trop pressé parfois, je veux des billets, brasser des liasses
Préférant […?] gars
La fortune sourit
Sourit aux audacieux gars
T’étonne pas, dans mon quartier les jeunes paraissent plus vieux, car…

[Couplet 1 : Dontcha]
Les temps deviennent dur
Difficile pour nous aujourd’hui, frangin
De parsemer sa semence, chaque jour veiller au bon grain
Que la récolte soit bonne chaque année
C’est ça que je prie, Seigneur
Mais en vain, rien pour rien, par mon front viendra la sueur
Cette sueur a coulé de mon front, mon col en est tacheté
Si je lutte chaque semaine comme un guedin
C’est pour le pouvoir d’acheter
Fou, guedin du MC qui rappe que pour des gains
Les meufs sifflent à chaque fois si pour ton compte elles ont le béguin
Je rêve de cueillir des billets sur les putains de branches d’un chêne
Ça c’est comme dans Alice
Ici, c’est le pays où chacun se démène
Nous, on se lève tôt
Payer le ticket, être dans le bon wagon
Pas de grasse matinée, nourrir les cafards et acheter Baygon
Certains lâchent, des guns, cachent
Des faux flingues juste pour du cash
Mais faut que tu saches que par le pistolet tu finis à coup de hache
Tu veux jouer au truand dur pour que la détente te rapporte
Mais même dans les films de tueurs gangsters
C’est le bon qui le remporte
Comme tu veux que le mal règne, si le mal gagne, Satan gagne
Pour des enfants noirs, ici, de femmes qui ont porté des pagnes
Bref, j’ai l’aptitude de vaincre sans devoir sortir les armes
Sans dealer de la coke, came, sans devoir faire couler de larmes
Alors, re-frè, dis-moi, tu sais comment s’enfonce une punaise ?
Facilement, avec un bruit, comme cela est écrit dans la Genèse
J’espère que tu ne pries plus pour qu’on exauce tes prières
Car j’ai l’impression que tu voudrais que s’étende le règne de Lucifer
You might also like[Chorus]
[Dontcha et Daddy Lord C]
Trop pressé parfois, je veux des billets, brasser des liasses
Préférant […?] gars
La fortune sourit
Sourit aux audacieux gars
T’étonne pas, dans mon quartier les jeunes paraissent plus vieux, car…
Trop pressé parfois, je veux des billets, brasser des liasses
Préférant […?] gars
La fortune sourit
Sourit aux audacieux gars
T’étonne pas, dans mon quartier les jeunes paraissent plus vieux

[Couplet 2 : Daddy Lord C]
Arrive le Daddy, plein de rimes, de face, de phases comme promis
Apportant ce qui manque au Hip Hop, vaut mieux, parce qu’il vomit
Face au cro-mi, l’insoumis y trouve un de ces compromis
Au fin fond d’un son cramé, lui enlevant son air de paumé
À consommer avec modération car pour habitués
Pour ceux qui font de l’argent légalement, illégalement
Qui pourrissent en prison, peuvent même pas […?]
Plus ont ce qu’on a pas, le perdront, pardon, car on le reprendra
Ainsi va la vie, les aléas faut faire avec
Ce qu’il y a, s’il y a, sans se soucier de ce que l’on dira
Pauvre, un cœur de pierre, mal éduqué, la tête d’un caillou
L’esprit racailleux de simples voyous, pour qui nous prends-tu ? voyons !
Ton histoire à pleurer, rajoutes-y une note de violon
Mais avant sache que vieux l’on traite sans se brader et se dévaluer
Du gamin au vieillard, pas de repos pour la matière grise
Aspire pour que le départ se fasse en douceur sans surprise
[…?] t’assumes ta tune, s'en sorte pas prise
On me reproche souvent d’avoir voulu grandir trop vite
Les jeunes maintenant à treize ans veulent en paraître dix-huit
La galère, s’en sortir et essayer de sortir du chaos
Montrer que ta tête n’est pas remplie de carottes et de cacao
La brute épaisse, tu représentes, donne pas que dans le pied au pao
En un mot, malgré tes défauts, en service un cerveau
[Dontcha]
Yo, Daddy lord C, Dontcha, aight

[Chorus]
[Dontcha et Daddy Lord C]
(MC) Trop pressé parfois, je veux des billets, brasser des liasses (ouais)
Préférant […?] gars
La fortune sourit
Sourit aux audacieux gars
T’étonne pas, dans mon quartier les jeunes paraissent plus vieux, car…
Trop pressé parfois, je veux des billets, brasser des liasses
Préférant […?] gars
(MC)
La fortune sourit
Sourit aux audacieux gars
T’étonne pas, dans mon quartier les jeunes paraissent plus vieux…

[OUTRO]
[Dontcha et Daddy Lord C]
Yo
Vieux…
9.9 …8
MC
Écoute ça
Le 9.3, je représente, gars
Écoute ça
Le 9.2, je dédicace, aight
MC, MC
[…?]
Teddy
Derrière les barreaux
Cliqua, seulement
Aight
Seulement Da L’As
Les miens, je représente
Da L’As
Les miens, je représente, gars
Da L’As
Les miens, je représente
Da L’As
9.3, je représente, gars
Écoute ça
7.7
Le 9.2, je dédicace, aight
7.7
9.4
9.1
Yo
D-O-N-T-C-H-A
Écoute ça
Daddy Lord C, MC
Daddy Lord C remet de l’ordre ici, aight
Écoute çaEmbed",Daddy Lord C
Daddy Lord C,Le Contrat,"2 ContributorsLe Contrat Lyrics[Intro]
Yeah yeah, écoute ça
Squadra
Le pacte
Ça, c'est XXX l'album XXX
Eh eh
Yeah

[Couplet 1: Rocca]
Les poings fermés dans les poches, observant les ombres qui s'approchent
Les amis qui clochent, c'est fou comme le succès change tes proches
Y a rien à faire, le mieux c'est d'fuir toute cette médiocrité
Changer d'atmosphère, liquider les traîtres démasqués
Moi et mon partenaire, on a fait un pacte qui nous unit pour la vie
S'il n'y a plus d'amitié entre nous, on arrête c'est promis
On a tellement subi de trahisons ces dernières années
Qu'aujourd'hui, c'est décidé, c'est Cliqua Squadra pour durer
Onda, ganga, mafia
S'il faut faire des lois pour s'entendre entre nous, bien, on les fera
C'est comme une famille qui s'endurcit
Comme un bloc de béton pour une guerre
D'l'acier inoxydable, j'y crois dur comme fer
J'y vois plus clair
Des paranos subsistent encore malgré tout dans l'crew
Il n'y a plus d'temps à perdre, le hip-hop n'attend plus que nous
Sexe, mensonges au micro, complot
Stress, contrats, fiasco
Gonzesses et business
XXX y a plus d'politesse, plus d'amis ni noblesse
Que des soi-disant potes qui s'engraissent
Qui cherchent nos faiblesses, nous pressent
Pour grossir leur compte en caisse
La méfiance est un atout majeur dans la profession
Choisis bien tes pions fiston, n'ais confiance qu'en ton intuition
C'est comme un échiquier, un face-à-face bestial
Où chaque faux mouvement crée les cases vides
Sois clair, précis et rapide
Tellement d'intrus qui veulent nous séparer, nous disperser, nous aveugler
Même brûler les liens sacrés d'une amitié
Faire couler, nous effacer, nous liquider
Nous retarder yeah
Je sais qu'parfois ça peut vexer mais j'dis qu'la vérité
Les ombres du mal nous envahissent à chaque faux pas
J'ai toujours cru en l'union
Mais la gloire, le pognon créent trop de tensions
De fausses fréquentations, les compliments
Les nouveaux amis sont pires que des sables mouvants
Dès qu'on s'enlise, peu en survivant
Je nage parmi les requins, j'essaie de suivre mon chemin
J'ai mon destin dans les mains
Personne m'arrêtera, c'est certain
You might also like[Interlude]
Tch-Tch-Bla, écoute ça gars
Mate les dégâts
Les savateurs XXX
Pour la Cliqua, voici la Squadra
El Néro y el Hispano
XXX

[Refrain: Daddy Lord C & Rocca]
C'est comme un pacte
Un lien, une sorte de contrat, liés par le sang
Un serment
Toute la survie du clan en dépend
Je vois dans les yeux, tu vois dans les miens à présent
Fidèle aux miens quand bien même ton crew te prête main-forte
C'est comme un pacte
Un lien, une sorte de contrat, liés par le sang
Un serment
Toute la survie du clan en dépend
Je vois dans les yeux, tu vois dans les miens à présent
J'lâcherai pas l'affaire, j'irai jusqu'au bout maintenant

[Couplet 2: Daddy Lord C]
J'arrive pour tout péter
Tu cherches la paix, t'es mal barré, j'vais pas m'répéter
Mais l'image qui m'a refleté
C'n'est pas l'pied que j'prends, plaisir que j'trouve quand il faut s'latter
La sale ambiance tendue autour de moi que j'laisse flotter
Par mon flow t'es subjugué, à devoir me flatter
Mais parce que j'mets l'feu, quand l'mal est fait, à ma mille-fa
Sois preuve d'amour et d'patience j'le veux bien, calme et patient
Vas-y, on touche à un d'mes proches XXX ces théories
T'es en rouge, fini, oublie l'principe d'théologie
Le temps qu'j'monte au logis afin d'trouver d'quoi t'soulager
C'coup-là, j'ai l'expérience, ce serait à refaire, je l'referais
Chirdé pour mon crew, mes gars ma clique, rien qu'des refrés
Sois pas con, complice XXX pour combine, CD compact
Banal délire de copains
Plus qu'un XXX pour l'pactole entre nous, pas pour l'échec
Meufs choc et soirées chics
Ça va plus loin qu'ça gamin
Histoire d'bédos, d'sacs à mains
Ça commence, des points communs, grandir sans commodités
Dans une cité comme on dit
Comme on s'dit combattants entre nous
J'compte pas ces cons battant en retraite, l'esprit combatif
Pas d'ceux qui t'laissent en plan, qui ont plein ou qui compatissent
Avoir le même sang dans nos veines nous vaut vannes et venin
Va-nu-pieds vénèr s'rabattent sur nous pour nous voir khabatt
J'taffe pour un seul crew, une seule famille
Dans la main un seul micro, dans ma tête un seul principe
Un seul XXX l'argent une seule couleur
Donc pour ma vie un seul contrat
[Refrain: Daddy Lord C & Rocca]
C'est comme un pacte
Un lien, une sorte de contrat, liés par le sang
Un serment
Toute la survie du clan en dépend
Je vois dans les yeux, tu vois dans les miens à présent
Fidèle aux miens quand bien même le diable dans la tour m'emporte
C'est comme un pacte
Un lien, une sorte de contrat, liés par le sang
Un serment
Toute la survie du clan en dépend
Je vois dans les yeux, tu vois dans les miens à présent
J'lâcherai pas l'affaire, j'irai jusqu'au bout maintenantEmbed",Daddy Lord C
Daddy Lord C,Le Professionnel,"1 ContributorLe Professionnel Lyrics[Couplet 1]
Professionnel, j'fais sonner l'fond, l'façonne sors du piano
Appris l'solfège ou l'école, reçu deux leçons
À devoir fouler l'sol dans la salle sur chaque clé d'sol
Kiffer t'es pas l'seul, normal lascar et si ça t'console
Gallegos, la Section souscrivent
Mon blaze s'inscrit [?]
Dans les affaires ça gère, des ronds on soulève
Pour l'bifton, compe-moi fiston de ceux qui s'lèvent tôt
Même si ici c'est plus KFC, MacDo qu'restos
Au top, reste haut, trop d'keufs arpentent tess et bistrots
Espère qu'lе bif trouve trouve son bifteck dans mon biz go
J'pèsе mais ils s'trompent, à l'ancienne rétro
Ouais j'en baise trop
Beaucoup me considèrent comme un reur-ti, un simple ler-dea
Voici ma réponse ""eh toi accroche-toi"" v'là c'que j'leur dis
On échange nos places, [?] aussi si le cœur t'en dit
Du dimanche au lundi, tu constates qu'on [?] même jeu d'bandits
On marque une pause à une seule condition la journée remplie
On reste professionnels

[Refrain (*4)]
J'bosse pour briller, bien grillé, l'biz commence à m'payer
Professionnel

[Couplet 2]
Bon nombre m'voient clamser en rêve, ils savent que l'attaque j'aime ça
Même si la boxe mon âme sœur, j'avoue j'mordrai pas l'hameçon
[?] j'retiens la leçon, à part l'caleçon [?]
J'suis des affaires dans l'bizness, dans l'commerce, qui en a l'sens
Drogues rime avec rappeur, j'vois pas l'rapport
T'façon on t'frappe [?]
Cette espèce sur terre s'en va, s'évapore
Ma couleur t'fait peur, j'constate qu'pour ça t'as des vapeurs
Tu vas pour prendre ton pied si j'vends pas, en tous cas [?] vend pas
La merde me tente pas [?] eh bien j'm'en vante pas
Quand on aime on compte pas
Heureusement copain, sinon contraint d'mettre un contrat contre un proche
Avec moi, qui s'la contera
Mollo, t'affole pas, juste mon micro, pas un couteau
Utile pour rappeler certains qu'ils peuvent toujours s'lever tôt
Le sale boulot, t'espères plus qu'ils le fassent à ta place
Trace, mais avant sache que si j'occupe ton espace
Si j'décrasse alors c'est avec moi hélas que ça s'passe
Pas mon habitude dans l'rap, du rab du supplémentaire
Allonge quelques billets et je verrai bien ce que je vais faire
Pas mélanger vitesse et précipitation
J'suis un professionnel
You might also like[Refrain (*4)]
J'bosse pour briller, bien grillé l'biz commence à m'payer
Professionnel

[Couplet 3]
Y a [?] au mic, pas d'panique, c'est pas l'Titanic
Le [?] lyric lourd, franc-parler, surtout pas d'gimmick
Ma populace n'en peut plus, lasse usée comme un joint d'culasse
Boulot terne, dégueulasse, SDF, cités, jamais d'palace
Pas l'temps qu'j'paraisse, ma gueule pas pour rouler pelles et galoches
[?] kalash, aujourd'hui faut qu'tu payes et que tes gars lâchent
Insulte-moi, dis c'que tu veux, surtout me traite pas d'lâche
Pour percer pas d'lèche, au cou deux grains d'café, surtout pas d'laisse
Malgré haine et censure, sans un seul [?] c'est pour moi ça
Sans sas et sensass', les fans des sangsues, leur esprit sens-dessus-dessous
Sur ce, une chose garçon
Viens pas sans sous parce que professionnel

[Refrain (*4)]
J'bosse pour briller, bien grillé l'biz commence à m'payer
ProfessionnelEmbed",Daddy Lord C
Daddy Lord C,Le Pur Son,"3 ContributorsLe Pur Son Lyrics[Refrain]
Tu veux t'éclater, tu veux te faire épater
D'être du métier, travaillant avec du doigté, toi t'es
Laisse donc la place à ceux qui savent venir savater
Tu veux t'éclater, tu veux te faire épater
D'être du métier, travaillant avec du doigté, toi t'es
Laisse donc la place à ceux qui savent

[Couplet 1]
Si la plupart des gens en ta faveur sont plus sensibles
Gardien de tes rimes, c'est ta valeur au mic qui décide
Un flow flexible crée un air inaccessif
XXX tu rappes façon XXX soul clap
Du rap contact fredonné par un beau Black
Chassant le wack par un don du ciel, un mic, une prise jack
Pour te montrer que même en solo, à l'aise en Ralph Lau'
Possède le funk flow, une vraie tempête, un vrai fléau
Pour éduquer ton cerveau, sans cesse de renouveau
Hausser le niveau sans trop traumatiser le tempo
D'ôter le flou, qu'tu fasses des sous, pas qu'des clous
Apporte de quoi s'mettre sous la dent à tous les jaloux
Diffusant l'info comme la cause, Barbès XXX
La politique des rues XXX déplacé
Si t'es mou, te rends un peu plus fâché
Pas seulement frime, gratuité, mots obscènes
Mes rimes se succèdent, dans l'intellect s'injecte un remède
You might also like[Refrain]
Tu veux t'éclater, tu veux te faire épater
D'être du métier, travaillant avec du doigté, toi t'es
XXX prends ton pied devant la voie lactée
Laisse donc la place à ceux qui savent venir savater
Tu veux t'éclater, tu veux te faire épater
D'être du métier, travaillant avec du doigté, toi t'es
Déjanté, prends ton pied, vois la voie lactée
Laisse donc la place à ceux qui savent

[Couplet 2]
En Nike, Lacoste XXX Fila, savamment vêtu
Mais plus têtu que McEnroe sur court de terre battue
Très jeune, j'ai combattu, rendu me suis défendu
Pour un statut que je réclame, considérant qu'il m'est dû
Qu'on me respecte, qu'on me dise plus souvent ""tu tues""
Ne porte pas un inconnu plaqué sur une avenue
Jamais soutenu puisque ma go jugeait ta cause perdue
Induit en erreur par mon allure, à la bonne heure
Pour mon malheur, plutôt le tien corrige ses erreurs
Sans faire de faveurs
Dans ton esprit s'impose la terreur
Tes amis en causent si XXX t'y parviens
S'donner les moyens, y arriver sans eau dans son vin
Ça étonnerait le monde entier si j'tombe au fond d'un ravin
Sans l'vouloir, c'est mon son qu'tu fais jump up
Normal tu bloques sur c'qu'évoque l'authentique hip-hop
De mon époque, on préfère la soul, copain
Vu qu'ta pop censure, boycott pépin
Écoute bien l'bruit qu'ça fait quand je crache mon venin
Après dis-moi gamin si ton cerveau s'en sort bénin
[Refrain]
Tu veux t'éclater, tu veux te faire épater
D'être du métier, travaillant avec du doigté, toi t'es
XXX prends ton pied devant la voie lactée
Laisse donc la place à ceux qui savent venir savater
Tu veux t'éclater, tu veux te faire épater
D'être du métier, travaillant avec du doigté, toi t'es
Déjanté, prends ton pied, vois la voie lactée
Laisse donc la place à ceux qui saventEmbed",Daddy Lord C
Daddy Lord C,Le retour du Dad’,"6 ContributorsLe retour du Dad’ Lyrics[Couplet 1]
Ça y est c'est reparti, l'artiste hardi de l'art dit ardu
Fardeau pour lardus, fais de la résistance bref reprends du
Galon j'vais au charbon, Y aura pas de cadeau ni de pardon
Le dernier salaud qu'on n'a pas encore foutu au ballon
Normal j'ai le bras long, les alibis mes soss et moi les salons
Pour m’attraper ce sera pas Château-Vallon, la vie de salon
Dehors ils prétendent tous qu'on m'entende bien que j'ai le même vice qu'eux
Le même flot, la même langue visqueuse, la seule excuse
J'me drogue pas j'deale pas bien que depuis longtemps cramé
Et pas du genre à consommer seulement qu'du lait écrémé
Bêtement rimer arrimer à style phases périmées
J'ai longtemps trimé dans le crime, La Défense, Grigny, le 13, Crimée
Pas pour aujourd'hui mon son débarque, j'te vois l'supprimer

[Refrain]
C'est l'retour du Dad
Du rap Soweto sur fond de son de Bagdad
""un expert comptable""
C'est l'retour du Dad
Du rap Soweto sur fond de son de Bagdad
MC reste tranquille ou te faire du mal je vais pas me gêner

[Couplet 2]
Hey Daddy ! me gêne pas j'suis en train de shooter
Montrer aux MCs fragiles que c'est plus l'heure de goûter
J'ai pas l'temps de jouer, je l'ai fait en disque tu peux l'écouter
Du rap fruité, futé pour ce que cela va te coûter
Pour moi c'qu'est vital le choc brutal du fameux métal
Bien que j'évite sheitan, c'est pas la CSG qui va me mer-cal
Kelkal du mic calcule avec recul pour que tu cales
Mc reste tranquille ou tu faire du mal je vais pas me gêner
Personne pour me freiner, je maltraite le beat comme une trainée
Et né dans la mêlée j'mets les bouchées doubles, botte les plus zélés
T'interpeller comme la télé le fait une meuf bien roulée
J'fais mieux que roucouler, me défouler te saouler tu craques sous les
Boulets de la tête brûlée du crane pelé en Pelle Pelle
You might also like[Refrain]
C'est l'retour du Dad
Du rap Soweto sur fond de son de Bagdad
""un expert comptable""
C'est l'retour du Dad
Du rap Soweto sur fond de son de Bagdad
MC reste tranquille ou te faire du mal je vais pas me gêner

[Couplet 3]
Au plus haut degré ma voix en continue sans arrêt
Sois prêt à devenir taré par mon phrasé sons samples carrés
À s'imaginer que tu apprécies mon son tel qu'il est
Mon look stylé Ralph Lauren, Lacoste, baggy, crâne pelé
Me traite de fêlé par contre bois mes phases comme un gosse son p'tit lait
Me critique pompe mon style à l'heure qu'il est
File de la ville avant que mes vilains rabattent le filet
Et que les vieux lâchent encore une fois ""voilà j'suis violent""
J'me fiche des histoires de gangs, d'bandits, d'voyous, d'parrains
Ça m'fait marrer, s'ils sont si forts qu'ils viennent un par un
Une fois par an à Paris dans les bacs j'parais
J'parie qu'mes paroles parues perturbent, paralysent tes parents
Me parle pas d'mafia, moi je me fie à c'que j'ai
Le manche je l’ai et y’a pas qu’au mic d’ailleurs que j'donne des dégelées
On cause peu d'moi en bien, j'aggrave les choses avec mon pote colombien
Tu veux qu'ça pète le jackpot pour ça tu paies combien ?
J'ris quand les ragots racontent qu'intrigant cain-fri qui s'prend pour un ricain, passe pour un brigand
Car question d'fric en vrai j'vois grand, j'range ma clique au premier rang
[Refrain]
C'est l'retour du Dad
Du rap Soweto sur fond de son de Bagdad
MC reste tranquille ou te faire du mal je vais pas me gêner
C'est l'retour du Dad
Du rap Soweto sur fond de son de Bagdad
MC reste tranquille ou te faire du mal je vais pas me gêner
MC reste tranquille ou te faire du mal je vais pas me gêner
MC reste tranquille ou te faire du mal je vais pas me gêner
MC reste tranquille ou te faire du mal je vais pas me gênerEmbed",Daddy Lord C
Daddy Lord C,Le Sens du Clan,"1 ContributorLe Sens du Clan Lyrics[OneS ?]
Mon clan c'est comme un patate dans [?] ça casse et ça saigne
C'est ce que la rue m'a enseigné, au fil des années le pe-ra
J'ai appris à le manier comme un sport de combat
Dans toutes sortes de terrains minés, trime inédit [?]
Avec mon escorte [?]
Comme un joint [?]
Ma mi-fa faut que tu la respecte
C'est comme un toit sur ma tête mec
Alors matte le [?]
À la conquête du hip-hop français
On avance pas avec des sourires forcés mais les sourcils froncés
Prêt à foncer afin de tout défoncer on a faim et on sait
Alors on s'efforce de rester authentique autant qu'on l'peut
Et ce du mieux qu'on peut
Car quoi qu'il arrive je pisse dans la rue [?]
Car on est ce qu'on est et on a ce qu'on a
Et en ce qui me concerne je serais fidèle à mes ainés
Je revendique ma clique, dans le 77 mon matricule
Le seul et l'même qui t'encule
Alors en tant qu'MC je pose une bombe verbale et je creuse
Ta tombe sur l'instrumentale [?]
Ainsi que pour l'homme qu'on nomme Daddy C sur l'album

[Refrain]
Le sens du clan se transmet de père en fils
Le respect, l'éducation de nos jours s'perd en vice
On s'plie en dix pour pas que nos enfants subissent
You might also like[Daddy Lord C]
Sans la présence de mes gars franchement j'aurais pas le [?]
Ni fait de ma cité un sacré palais
Et c'est pas les ragots qui font que mon blase n'est pas laid
Trainer les sales histoires que je porte comme des galets
Ni l'assurance dans une embrouille comme un vrai [?]
A partir au galop porter [?]
Je préfère être [?]
Condamné à 12 piges afin que tout se pige
Je suis pas une tasse-pé même si j'ai changé d'aspect
Trahir ça s'paie, que tu y échappe je veux bien
J'imagine que ça se peut, mais la rue en laisse peu
[?]
Moi j'suis fidèle aux miens
[?]
Y'a que ma vie qui est à prendre
Mes meubles à vendre
Tout le reste à défendre
Mon attitude va dépendre
J'ai le sens du clan

[Refrain]
Le sens du clan se transmet de père en fils
Le respect, l'éducation de nos jours s'perd en vice
On s'plie en dix pour pas que nos enfants subissent
[Ma-Ka ?]
Le sens du clan, je l'ai donc je l'ouvre
À mon sens, mon clan est vrai donc découvre
Ma carence Nes-O et Daddy C
[?]
Tu sais que le son n'est pas bad ici MC
Faut qu'on sorte tous de là ou on est
Même s'il faut faire bouger la femme et l'escorte à la rescousse
Laissant derrière nous que le mauvais souvenir d'un passé [?]
Dans la merde tu es
Mais j'y resterai pas [?]
De voir mes reufs tous [?]
Dans ce monde de requin, tous vouloir faire briller les billets
De façon immonde comme dans [?]
Dans mon clan on est tous issu [?]
Fais le
Mais sache que dans la mêlée, y'a que des loups à l'appel
Donc j'appelle à la loi de la jungle
Face à ta femme et ton clan savoir rester humble
Le mec qui devant toi fera [?]
Mais qu'est-ce tu veux que je te dise reuf, flingue-le

[Refrain]
Le sens du clan se transmet de père en fils
Le respect, l'éducation de nos jours s'perd en vice
On s'plie en dix pour pas que nos enfants subissentEmbed",Daddy Lord C
Daddy Lord C,Les jaloux,"6 ContributorsLes jaloux Lyrics[Daddy Lord C - Intro]
Daddy Lord C remet de l’ordre ici
Daddy Lord C remet de l’ordre ici
Daddy Lord C remet de l’ordre ici
Daddy Lord C remet de l’ordre ici

[Premier couplet]
Ma vinylique gangsta propa-propagande
Revendique son immondice sinon te vise, met à l’amende
Infime ami intime, qui leçons qui le prétende
Mange dans ton frigo, boit ton Pop’, fume toute ta weed
Te dit jamais merci, c’est à te pousser au suicide
Acide, enfin, s’il te sourit, dans ton dos rit de…
Il te nargue, dès qu’il drague ta femme te blague, qu’il bavarde
Le biggy Daddy tridigi dit de prendre garde
Ca barde, chaque cochon a son Mardi Gras
Etape, qu’aujourd’hui soit le tien, t’es dans de beaux draps
Les chats-chats gogols, gagas…caille-ras reloues
Appelle-les comme tu veux, je dirais seulement jaloux
Ne s’intéressent qu’au sexe, mêlent la fesse au business
Je suis vexe et mon réflexe n’est pas complexe
Ma politique, celle d’un type type schizophrénique
Cynique, trisomique envers tous les hypocrites, les…

[Refrain]
« Les jaloux, jaloux, jaloux, jaloux…»
« Les jaloux, jaloux, jaloux, jaloux…»
Daddy Lord C remet de l’ordre ici
Daddy Lord C remet de l’ordre ici
Daddy Lord C remet de l’ordre ici
Daddy Lord C remet de l’ordre ici
[Deuxième couplet]
Quand je dis hula hoop, il répond sopa, sopa
Mauvais conseiller dans mes affaires, il me croit dupe
Inutile dans le groupe, arriviste de la troupe, m’encroûte
Ces troupes déroutent tout ce qu’elles envoûtent
Pas besoin d’expertise aux dégâts qu’il réalise
Conduisent, concrétisent mon analyse vers la bêtise
Convoitise, envie et jalousie, envie du voisin
Avis aux amateurs désireux d’être les prochains
Daddy Lord C (le seul, l’unique, le vrai)
D’un geste détruit la récupération funeste
Fêtée à mon insu sur mon deal, sur mes restes
Le prétexte, le contexte où je situe mon texte
Mènent, malmènent le do-lo-lomaine qui atteste
Bon nombre d’amis me tournent, retournent leurs vestes
A ces têtes de chiens pas de quartier, pas de politesse
Œil pour œil, dent pour dent, théorème d’il y a longtemps
Mon temps je le reprends et avec je te paye comptant
J’aime mieux être un gagnant qu’être un perdant, ça me rendrait dingo
Quand je joue au loto c’est pour gagner le gros lot, le bingo
Toi-même tu dis pas non aux diamants et aux trois lingots
Ta femme qu’est-ce qu’elle choisit ? Le que-to ou le roro ?
Les khos saisis, comprends l’impro du négro super héros
Qui se dresse contre…

[Refrain]
[Troisième couplet]
Amasser le gros pactole, relever les audimats
Oublier le protocole de flambe, de frime, est-ce un crime ?
Si le millésime, la cime de mes rimes
M’usent, riment plus avec mon franc que centimes
Si tu n’aimes pas mon dialecte, quand même, respecte
J’inspecte, ceux qui se la pètent, m’ont direct
Vecteur sectaire, balaie, guette le secteur
Infâme, toi qui te pâmes de mon programme
J’entame, dame, mon bestial te crame

[Outro]
Daddy Lord C remet de l’ordre ici
Daddy Lord C remet de l’ordre ici
Daddy Lord C remet de l’ordre ici
Daddy Lord C remet de l’ordre iciYou might also likeEmbed",Daddy Lord C
Daddy Lord C,Pas L’Temps De Jouer,"2 ContributorsPas L’Temps De Jouer Lyrics[Couplet 1]
Je te gave de basse comme MacDonald de matière grasse
Enlace ta carcasse
Par un flow non moins efficace
Place-dé, pousse-toi, car aujourd’hui c’est mon heure
Mon tour, mon jour J
Droit au but sans raccourci
Dose ceux qui osent critiquer quand je me pose
Car je tchatche, cause, la vérité des choses
Choses que beaucoup oublient, ça ne fait pas un pli
Quand j’y entends, écoute, reçois, perçois ce qui se dit
Comme tous les hommes j’aime le sexy, les beaux clips
Le luxe, le champagne, les bonnes bagarres, les grands trips, tu flippes
Les pieds sur terre, même si ça n’en pas à l’air
Fier de mon ego, de mes biz illégaux
Car ambitieux ne me contente pas de remplir mon frigo
Toujours plus haut, me hisse, ma folie des grandeurs
Mon âme soeur, en qui j’ai plus le retour d’ascenseur
Posé flegme à la façon Keyser Soze
Creuse un faussé entre moi et le mauvais
Retiens ce qui me convient
Me convient que les choses biens
Toi même tu sais, remets de l’ordre en plein effet

[Refrain]
Pas l'temps de jouer
Mon crew n’a pas l'temps de jouer
(Quand je prends la parole ça n’est plus un jeu)
You might also likeJ’ai pas l'temps de jouer
Mon crew n’a pas l'temps de jouer
(Quand je prends la parole ça n’est plus un jeu)

J’ai pas l'temps de jouer
Mon crew n’a pas l'temps de jouer
(Quand je prends la parole ça n’est plus un jeu)

[Couplet 2]
A l’école tu réfléchis avant d’aller au premier rang
C’est tout vu
Tu connais ton job, plus tard une fois grand
Pareil, de nos jours ça rapporte plus, marier sa fille à un truand
Pourquoi tes vieux s’énervent, s’emballent, quand je parle ?
Qu’est-ce qui leur prend ?
Mon franc parlé
Que je lâche comme du petit lait
[…?] Me censuré n’y compte pas, au micro j’y suis scellé
Accroché, soudé
Un vrai bagnard a son boulet
Qu’est-ce qui se complote ? Pourquoi me rejette-t-on la faute ?
Les salaires bas, […?] c’est le Président qui a l’antidote
Règle tes comptes, soit, mais frappe à la bonne porte
T’façons je pars pas tout seul si un jour le Diable m’emporte
M’entraine avec Lui, me côtoie dans mes ennuis
T’affole pas, y'a pas le feu, ce sera pas pour aujourd’hui
Que sera permis à autrui de fuck avec le taf que je produis
Busy sur le mic, même si le nombre des vrais se réduit
J’accrois mon crédit, mon originalité te séduit
[Refrain]
Pas l'temps de jouer
Mon crew n’a pas l'temps de jouer
(Quand je prends la parole ça n’est plus un jeu)

Pas l'temps de jouer
Mon crew n’a pas l'temps de jouer
(Quand je prends la parole ça n’est plus un jeu)

Pas l'temps de jouer
Mon crew n’a pas l'temps de jouer
(Quand je prends la parole ça n’est plus un jeu)

[Couplet 3]
Busy sur le mic, comme un flic et sa matraque
Du rap contact, flow posé […?] dosé
Par le biais de mon jab du gauche, une prise jack
Normal, tu raques quand je récidive, donne sur bonus track
C’est de mon devoir de dénoncer, parler de ce qui gêne
De ma compétence
De mon ressort, de mon domaine
D’être formel
Afin que tout le monde se souvienne
Se rappelle, garde des séquelles du négro XL
T’as le chant du réel au travers le son mixé d’un maxi
Pressé comme […?] prendre le premier le taxi
Pourquoi à Paris
Voudrait-on que mon langage varie ?
[…?] corruptions, scandales, abus en série
Gouvernants pourris
Carotte […?] on te nourrit
Me pousse à vomir
Et tu désires que je fasse un sourire
Que je lâche un fou rire
Quand à mes yeux se déroule le pire
Quand je prends le mic je représente et ne blague pas
Ne lâche pas
Ne l’utilise pas pour être sympa
« Tout le monde, il est beau, il est gentil »
Certains le disent mieux que moi
Le font mieux que moi
Chaque fois pitié qu’ils deviennent des proies
…Moi je n’ai pas l'temps de jouer
[Refrain]
Pas l'temps de jouer
Mon crew n’a pas l'temps de jouer
(Quand je prends la parole ça n’est plus un jeu)

Pas l'temps de jouer
Mon crew n’a pas l'temps de jouer
(Quand je prends la parole ça n’est plus un jeu)

Pas l'temps de jouer
Mon crew n’a pas l'temps de jouer
(Quand je prends la parole ça n’est plus un jeu)

[SCRATCHS]
(ça n’est plus un jeu)Embed",Daddy Lord C
Daddy Lord C,Protège-toi,"1 ContributorProtège-toi Lyrics[Intro]
Rap de lover
Vigilant toutefois, crois-moi
Vigile en tendresse
Écoute ça

[Couplet 1]
Faut que tu saches bébé, pour pas faire d'bébé
Pour pas apprendre de nouvelle pouvant t’laisser bouche bée
Pas regretter quand tu cajoles ce type tel un bébé
Tu lui donnes des idées hein, quand tu remues ton tarpé
Faut pas t'plaindre si son effort de te garder tard paie
D'où tu m’connais pour m'faire croire qu't'es sa première poupée
Tout ça parce que ta photo il l'a découpée
Comme sur le ring, apprends que le premier des coups paie
À voir c'qui t'motive, comme ce motif dans mes couplets
Dis, t'es une pro dans la méthode de s’accoupler
L’amour est un jeu, on s'y fie tous car chaque coup plaît
Faut pas lui reprocher demain de t’avoir doublée
En tout d'vigilance j't'ai poussée à redoubler
Ça t’a pas empêchée cette nuit de te dédoubler hein

[Refrain]
Quand je suis avec toi (moi aussi, hein)
Tu me serres dans tes bras (ouais, ouais)
Surtout, pour notre amour, fais ça pour moi
(Protège-toi bébé, protège-toi)
Quand je suis avec toi (moi aussi)
Tu me serres dans tes bras (ouais, ouais)
Surtout, pour notre amour, fais ça
(Protège-toi tonton, protège-toi)
You might also like[Couplet 2]
Ce soir c'qu'on m'propose, j'reconnais qu'c'est tentant
C'sera tout autant d'la même alors prends tout ton temps
T'as pas l'air bête pourtant, t'as pas la tête à Toto
À voir l'rabla comment tu brasses, tu comptes les totaux
T'es pas un toutou, la vie chez toi c'est rien ou tout
Mais si ça t'tombe dessus, ce sera pire qu'la guerre Tutsis-Hutus
Vas-y enfile sans honte ce bonnet à gros pompon
T'uses bien une feuille à rouler quand tu fumes le popo
'Scuse-moi, j'veux pas choquer par la rudesse d'mes propos
Comment on met c'truc en latex ? Bah, avec les mains tiens
Tu ferais mieux d't'appliquer si en vie tu veux qu'ça t'maintient
J'cause qu'à preuve de loin d'là moi oh, j'suis pas homo
Mais c'que j'dis, dédicace à l'homme dur jusqu'à l'homme mou
J'te prends au mot, lave ton esprit comme Paic ou Omo
Prévenu au moins, t'avanceras pas les lascars au moins
Perdant même en disant au Sida, c'est toi ou moi

[Refrain]
Quand je suis avec toi (moi aussi, hein)
Tu me serres dans tes bras (ouais, ouais)
Surtout, pour notre amour, fais ça pour moi
(Protège-toi bébé, protège-toi)
Quand je suis avec toi (moi aussi)
Tu me serres dans tes bras (ouais, ouais)
Surtout, pour notre amour, fais ça
(Protège-toi tonton, protège-toi)
[Couplet 3]
Pour ce j'me donne à fond comme ceux dans l'foot [?]
J'ai c'qu'il faut, des mots lourds pas seulement un beat qui fond
Ton voisin c'qu'il fout t'occupes, t'occupes, toi fais c'qu'il faut
Aux résultats médicaux on verra c'est qui qu'est fou
Qui qu'est fou, l'aventurier, la chair tu penses qu'à la fendre
Ou celui en cas d'coup dur qui enfile son scaphandre
Sing my lady quand t'as pécho la maladie
Va pas chialer après en soupirant, bah l'mal est dit
Toi demoiselle, après c'qu'il t'a donné de bon, nomme
N'appelle pas l'virus par le nom de ton bonhomme
Mon rôle au mic quel qu'il soit, éviter l'incident
En poussant au raisonnable, au moins l'incitant
(L'incitant, l'incitant)
Ouais, ouais

[Interlude]
Protège-toi bébé
Protège-toi tonton
Protège-toi aussi gars

[Refrain (*3)]
Quand je suis avec toi (moi aussi, hein)
Tu me serres dans tes bras (ouais, ouais)
Surtout, pour notre amour, fais ça pour moi
(Protège-toi bébé, protège-toi)
Quand je suis avec toi (moi aussi)
Tu me serres dans tes bras (ouais, ouais)
Surtout, pour notre amour, fais ça
(Protège-toi tonton, protège-toi)Embed",Daddy Lord C
Daddy Lord C,Quand ton passé te rattrape,"1 ContributorQuand ton passé te rattrape Lyrics[Couplet 1]
Quand ton passé te rattrape, méfie-toi d'sa force de frappe
Tu tombes dans la trappe gavée d'crabes, phase de rap mou
L'esprit ramolli, gens trop polis, des meufs bien roulées
T'as changé d'rôle au bras ronronne une montre Rolex
Maintenant t'as des ronds, ça roule, ton passé drôle tu laisses
Loin derrière, manière à XXX reculer, bêtement basculer
Manipuler sans scrupule un d'ces jeux masculins
Jouer les vilains alors qu'là tu t'la XXX tranquille hein
T'as trouvé l'filon, plus besoin d'filer, faire le filou
Pas d'bile, on voit qu'ça s'passe, t'engraisses, prends des kilos
L'passé on l'oublie vite, XXX ta cellulite
Ça s'complique quand s'pointe le type d'une ancienne élite
À qui t'as fait payer XXX dépasser les limites
À l'époque épique où Pacino pour toi plus qu'un mythe
Donc tu l'imitais, danger, fatalité
""Eh, tu t'souviens d'moi enculé?""
XXX v'là qu'tu répliques, attends que j't'explique
J'mate qu'tu fais sur toi tu t'chies dessus
Comme en face des keufs dans un cul-de-sac, un trou sans issue
Rangé, casé, comme sur le beat mon phrasé
Regrette le passé, l'époque tu jouais les Keyser Soze
Fallait oser, et désormais voudrais t'reposer
Mais tes anciens clients sans cesse reviennent pour t'ankyloser

[Refrain]
Quand ton passé te rattrape ou frappe, tape à ta porte
L'ambiance qu'il apporte, tu peux l'éviter que lorsque
Que lorsque au moins ce service te rapporte
Quand ton passé te rattrape ou frappe, tape à ta porte
L'ambiance qu'il apporte, tu peux l'éviter que lorsque
Que lorsque au moins ce service te rapporte
You might also like[Couplet 2]
Le genre de Suzy, tout son tralala
Et tu tombes dans l'coma, habillé, tu t'crois vaguement au sauna
Son arrivée, peux pas t'priver d'cette madonna
À qui elle se donne, à toi, lui dire bébé tu sais qu't'es bonne ah
Vu l'effet qu'on a à la voir, ça t'promet direct nirvana
Tu peux pas vanner quand depuis des années j'te vois entamé
Damné à damer des dames fanées
Jamais j'plaisante, j'blague, quand il s'agit d'femmes et d'monnaie
Qu'est-ce tu veux, j'ai cette manie, faudra m'compter parmi
Cette armée d'mecs cramés qui pour c'sujet peuvent pas la fermer
Des hommes, des tonnes à la conso, pourtant pas d'coma
Au lit un combat, comme à Las Vegas le pire des traumas
Le premier quereau-ma XXX femelle n'est pas son format
Le temps passe, même les plus belles ne peuvent faire face
Aux menaces des rides, aux séquelles, quelle crasse
D'ailleurs Anna se lasse, ses nombreux excès et flirts l'agacent
Désire du durable, changer d'air devient inévitable
Son profil lui permet, avec un homme respectable
Bref, Anna une fois pour toutes à ces délires, met un verrou
Nouvelle adresse, nouveau numéro, un blindé d'blaireau
Un peu moins véreux qu'les autres, p't-être un peu plus sérieux
On verra vers où elle ira, l'avenir et l'destin nous l'diront
Pour l'moment faut assurer on sait jamais
Au cas où les fins d'mois difficile, tant pis si c'est un cas au lit
Tu vas rigoler, v'là qu'un des gosses sort bariolé
Pourtant l'teint du pater, la peau d'la mère couleur riz au lait
Rions bien Anna, v'là ton passé qui t'rit au nez
[Refrain]
Quand ton passé te rattrape ou frappe, tape à ta porte
L'ambiance qu'il apporte, tu peux l'éviter que lorsque
Que lorsque au moins ce service te rapporte
Quand ton passé te rattrape ou frappe, tape à ta porte
L'ambiance qu'il apporte, tu peux l'éviter que lorsque
Que lorsque au moins ce service te rapporte

[Couplet 3]
Quand ton passé te rattrape, méfie-toi de sa force de frappe
Suffit derrière ton dos que quelques gars réclament justice
Des histoires sans demi-mesure, t'as pas fait preuve de justesse
Discret jusqu'à c'que l'jeu s'tasse, les gens s'taisent
Mais qu'on s'dise bien, c'est pas en un clin d'œil
Qu'une bonne réputation s'tisse
Penses-tu sérieusement pouvoir gommer certains événements
Sous prétexte simplement qu't'étais juste âgé de vingt ans
Donc évidemment, pas contrôler une fois d'plus ton tempérament
Tant pis, rarement t'en sors pour pas t'faire XXX chiale à torrents
Car le passé aime ces restaurants n'affichant jamais complets
C'con d'blé on l'veut tous mais maintenant, te v'là combléEmbed",Daddy Lord C
Daddy Lord C,Rien n’est impossible,"1 ContributorRien n’est impossible Lyrics[Intro]
Sur le Mix, DJ Poska
Au microphone, Lord Issa, toi-même tu sais
C'est dangereux
Exclusive
Approche-toi
DLC
Eh, pas l'temps d'jouer, gros
Aïe, aïe, aïe
Tu mets un N, après un A, après un S, après un M, après un E

[Refrain]
Tout est possible, je dis que rien n'est impossible
Pour avancer, t'accroche pas à du futile
J'ai dit que tout est possible, rien n'est impossible
Il faut se battre, baisser la tête est inutile
Tout est possible, j'ai dit que rien n'est impossible
Réagis еt t'attache pas à du futile
Tout est possiblе, rien n'est impossible
Il faut se battre, baisser la tête n'est pas utile

[Couplet 1: Nasme]
Rester positif, j'dis que rien n'est impossible
C'est c'qui m'motive, triste ou peut t'pousser au suicide
Quand tout part en sucette sept sur sept, prise de tête sur prise de bec
Sans prise de prix ni check
Y a pas d'surprise du chef
Pas impossible que j'change les règles
Impossible que j'me taise, moi j'me tape avant d'me tèj
À chaque étage même dans un état étrange
Impossible que j'me rende, pas impossible que j'me range ou que j'me venge
Si tu m'mens, je veux croire que c'est impossible que j'flanche
Ou que j'tende la main dans le métro pour que j'mange
Toujours un dernier plan sous la manche
Impossible que j'porte la frange
Ma peau, un gros problème pour la France
Impossible que tout soit parfait, pour ça qu'souvent tout est à refaire
Mes rêves d'enfant, j'y crois plus du tout dur comme fer
Rien n'est impossible, j'suis déjà devenu père
Tout est possible, au deuxième tour j'ai vu Le Pen
Peut-être qu'de mon vivant en Palestine j'verrai la paix
You might also like[Refrain]
Tout est possible, je dis que rien n'est impossible
Pour avancer, t'accroche pas à du futile
J'ai dit que tout est possible, rien n'est impossible
Il faut se battre, baisser la tête est inutile
Tout est possible, j'ai dit que rien n'est impossible
Réagis et t'attache pas à du futile
Je dis que tout est possible, rien n'est impossible
Il faut se battre, baisser la tête n'est pas utile

[Couplet 2: Daddy Lord C]
Cela dit, je m'entends, tout est possible
On vise nous aussi c'que tous tes potes ciblent
XXX, je l'avoue, à titre posthume
Mais personne prétendra, pas le bon costume, ouais
J'apprécie Malcolm, ses caisses en custom
C'est toujours du bon dès qu'on accouche donne
Que Dieu te pardonne, qu'avant qu'on cartonne
Pour qu'à tes oreilles ce soit mon nom qu'on marmonne
Va nourrir la marmaille, sourire sous cette maille
Bien qu'le patron soit aussi mauvais que ce barman
Tout est possible, vu c'qu'on ramène même
Un clin d'œil à Arthur H, Mandela et Mel-Man
Tout est possible OK, mais faut pas pousser
Jamais sur l'terrain l'gazon ne va repousser
On vient te doucher, XXX retoucher
Sans devoir baisser les frocs ou encore coucher
[Refrain]
Tout est possible, je dis que rien n'est impossible
Pour avancer, t'accroche pas à du futile
J'ai dit que tout est possible, rien n'est impossible
Il faut se battre, baisser la tête est inutile
Tout est possible, j'ai dit que rien n'est impossible
Réagis et t'attache pas à du futile
Je dis que tout est possible, rien n'est impossible
Il faut se battre, baisser la tête n'est pas utile

[Couplet 3: Daddy Lord C & Nasme]
Tout est possible donc vas-y, reste posé
Mets-toi bien, le son, Voodoo l'a composé
Donc on va s'amuser mais sans abuser
Ni oublier qu'on nous veut sur l'banc des accusés
Rien n'est impossible parce que tout est accessible
Y a pas d'magie, faut agir, rien n'arrive si tu restes assis
La maille divise, la devise c'est de s'presser
Vise, mais faut être précis pour pas finir les poches percées
Tout est possible, t'as vu Nasme Daddy font un feat
C'qui s'passe ensuite pour qu'les mythos soient en fuite
Qu'à cogiter le son, les mots, le fond ainsi
À c'que les gosses à l'école soient forts en chiffres
Impossible que j'change, que d'la vérité quand j'chante
Tout est parti d'ma chambre, pas impossible que ça s'vende
Impossible que j'montre pas c'que j'ai dans l'ventre
XXX c'est pas du Hugh Grant
Que les derniers finiront devant
[Refrain]
Tout est possible, je dis que rien n'est impossible
Pour avancer, t'accroche pas à du futile
J'ai dit que tout est possible, rien n'est impossible
Il faut se battre, baisser la tête est inutile
Tout est possible, j'ai dit que rien n'est impossible
Réagis et t'attache pas à du futile
Je dis que tout est possible, rien n'est impossible
Il faut se battre, baisser la tête n'est pas utile

[Outro]
Wesh poto
Track List
Tu mets un N, après un A, après un S, après un M, après un E
D.L.C
Aïe, aïe, aïe
On a dit, rien n'est impossible, poto
Rien n'est impossible, poto
Rien n'est impossible
Aïe, aïe, aïe

[Outro 2]
Aïe, aïe, aïe
Track List
Combinaison Exclusive
Daddy Lord C, Nasme
C'est pas finiEmbed",Daddy Lord C
Daddy Lord C,Souffrir,"3 ContributorsSouffrir Lyrics[Couplet 1]

Baggy jean berline limousine 4x4 Toyota
Histoire de ne pas avoir l'allure que ce coyote a...
Vu son état lui ressembler t'es fou ou quoi?
Pas me fréquenter c'est ce que ta femme t'as dit?
T'a-t-elle dit où elle était un certain mercredi?
Pas de gros mots ça peut gâter ma promo avec ça en plus tu peux finir alcoolo
Mais ne joue pas avec moi stp au sale colon au salop ici on te brisera le colon...
Wé j'apprécie le fric le luxe tu piges
Et jme fiche sur moi ce que les gens là disent
J'garde le sourire tant que mes gosses me font la bise
Et mon équipe mon ter ter tant qu'on tient le jez...
T'occupes j'continuerai d'aboyer tant que l'état criminel brûlera nos foyers
Vous même vous voyez où que vous soyez dans la rue les loups sont déployés

[Refrain]
MIEUX VAUT UNE FIN QUI FAIT SOUFFRIR QUE SOUFFRIR EN VAIN
UN BUT COURIR QUE COURIR EN VAIN
UN VISAGE SOURIRE QUE SOURIRE EN VAIN
UN MOT MURIR AVANT DE MOURIR ENFIN...

[Couplet 2]

Tu prétends que tu écris dur, mais est ce ton écriture
A la hauteur de ce gosse que ses vieux ont décrit pur
Parles moi simplement ça me suffit amplement
T'auras des compliments du buzz en complément
Ce que tu racontes n'a rien à voir en plus ça reste à voir
J'suis là car y a à boire et pas se sentir seul le soir
Au fait dans ta jeunesse toi t'étais un cas(sos)
Pour une histoire de... t'as pété un gars
Ce baratin rapporte à faire péter un cable
Car quand je t'ai croisé toi t'étais en cab(riolet)
Au fait t'es le dernier que le quartier encadre
Et si tu repasses ici on te pliera en quatre
En location(voiture) vois ta mère à l'occasion
On sait tout ici qui porte le caleçon
You might also like[Refrain]
MIEUX VAUT UNE FIN QUI FAIT SOUFFRIR QUE SOUFFRIR EN VAIN
UN BUT COURIR QUE COURIR EN VAIN
UN VISAGE SOURIRE QUE SOURIRE EN VAIN
UN MOT MURIR AVANT DE MOURIR ENFIN...

[Couplet 3]

OK j'aime le bling bling
Pas comme cet homme verreux qui s'estime clean
Plutôt le jez le fric quand y a tchin tchin
Toujours deuspi toujours car qui dort dîne
Un mec à l'ancienne que du rentre dedans
La lumière éteinte lorsque tu prends ton temps
De la banlieue où le mot c'est prends prends prends
Car l'appât du gain est tant tentant
La rage du ghetto ce bang bang bang
Sirène de police ainsi font font font
Un appel de phare et déjà tu te ranges
Des mecs en baskets et voilà que tu trembles
Ce qui fait que tu mouilles tiens c'est étrange
Ce que tu n'oses pas dire ces mots qui t'étranglent
Provoques pas un talent fâché
Tu boiteras comme cette meuf au talon cassé
J'espère que tu sais nager, tu t'y es engagé
La peur tu le sais n'évite pas le danger (rire)
HAHA HIHI HOHO !!!!!
[Refrain]
MIEUX VAUT UNE FIN QUI FAIT SOUFFRIR QUE SOUFFRIR EN VAIN
UN BUT COURIR QUE COURIR EN VAIN
UN VISAGE SOURIRE QUE SOURIRE EN VAIN
UN MOT MURIR AVANT DE MOURIR ENFIN...

DADDY LOURDEMENT VÔTREEmbed",Daddy Lord C
Daddy Lord C,Tout le monde sait qui tu es,"2 ContributorsTout le monde sait qui tu es Lyrics[Intro]
C'est comme ça qu'j'fais
C'est ça, MC, c'est comme ça qu'j'fais

[Couplet 1]
Qui es-tu pour me juger, bourré d'préjugés
Dans les jupons d'tes vieux réfugié
Parlant fort, poussant ta voix à l'user
Sans vouloir abuser, désabusé, faut pas m'refuser
D'm'expliquer pourquoi ma haine attisée
Comme tous ces délinquants violents, pensant qu'à tiser
Parce que j'ai pas sympathisé avec la risée
J'veux pas t'baiser XXX s'maîtriser
Bordée d'apaiser petit gamin ma mère me le faisait
Autour du CD, bref des demoiselles l'ont remplacé
Pourvu qu'elles demeurent bien constituées
Pour m'enlacer, viens pas m'les casser
Avec tes contes, tes histoires d'écolier
Rêve d'être prisonniers où des types comme toi prennent des dérouillées
Se débrouiller, se battre XXX ma bouche jamais verrouillée
Provoquant une femme pour te mener en bateau
Un homme costaud qui XXX au premier coup d'couteau
L'hiver sans manteau, mon anniversaire sans gâteau
Y a pas photo, guette la balafre sur mon pecto'
Qui excite les femmes et fait jaser les péquenots
You might also like[Refrain]
Arrête de parler, d'râler, d'gaver l'charley
Entouré d'salauds, tout l'monde sait bien qu't'es qu'un charlot
Arrête de parler, d'râler, d'gaver l'charley
Entouré d'salauds, tout l'monde sait bien qu't'es qu'un charlot
Arrête de parler, d'râler, d'gaver l'charley
Entouré d'salauds, tout l'monde sait bien qu't'es qu'un charlot
Fais bien d'flipper le rap caille que j'taille, te rattrape pas

[Couplet 2]
Des connaissances, un niveau scolaire pas trop mauvais
Savoir où je vais, une conscience pour tout c'que j'fais
Le rap un forfait consolidant mes rêves en vrai
Mêlant l'agréable au désagréable tel un bon spray
Pas d'à-peu-près, pour l'action réponds toujours prêt
Barbès Marcadet, tu sauras qu'y a pas qu'des cadets
Ou qu'des soldats dont l'seul combat, fumer l'bouddha
Professionnels dans l'deal ou le vol à l'arraché
Si on t'l'a caché, là où circule zedou, poudre en sachet
Tellement détachés, vivent des gens aux mœurs attachées
J'vais pas t'lâcher, pour qui t'prends-tu, tu t'es crashé
J'vends pas d'eau soluble, produit d'résine, juste un papier
Ici on est tous frères même si comme nous, y pas d'brindille
Joue pas les bandits, tu XXX kiffes le rap bandit
Pareil à mon petit devant une glace au sucre candi
Répéter c'que j'dis, faut pas qu'ça devienne une maladie
S'ils ont du mal à deux, on dansera sur cette mélodie
[Refrain]
Arrête de parler, d'râler, d'gaver l'charley
Entouré d'salauds, tout l'monde sait bien qu't'es qu'un charlot
Arrête de parler, d'râler, d'gaver l'charley
Entouré d'salauds, tout l'monde sait bien qu't'es qu'un charlot
Arrête de parler, d'râler, d'gaver l'charley
Entouré d'salauds, tout l'monde sait bien qu't'es qu'un charlot
Fais bien d'flipper le rap caille que j'taille, te rattrape pas
Entouré d'salauds, tout l'monde sait bien qu't'es qu'un charlot

[Couplet 3]
Combien m'critiquaient, le premier à passer à table
À m'traiter d'incapable, peu d'ex, un gros cartable
Montaient sur mon diable une fois devant des mecs valables
Mon charme devant des femmes, indomptable, puisque indésirable
S'imaginant que tout est négociable et monnayable
Tant mieux si caillassé t'a vu grandir, rester paresseux
Quant à t'moquer d'ceux
Dont le destin plus fâcheux, l'avenir capricieux
Me pousse pas trop à faire feu, réussir je l'veux
Toujours crédible aux yeux de Dieu
Ça t'en bouche un coin, un gars d'ma trempe, un type de XXX
Les bonnes manières se perdent
Tout comme les bons MC pleins d'verbe

[Refrain]
Arrête de parler, d'râler, d'gaver l'charley
Entouré d'salauds, tout l'monde sait bien qu't'es qu'un charlot
Arrête de parler, d'râler, d'gaver l'charley
Entouré d'salauds, tout l'monde sait bien qu't'es qu'un charlot
Arrête de parler, d'râler, d'gaver l'charley
Entouré d'salauds, tout l'monde sait bien qu't'es qu'un charlot
Bien d'flipper le rap caille que j'taille, te rattrape pas
Entouré d'salauds, tout l'monde sait bien qu't'es qu'un charlot
Fais bien d'flipper le rap caille que j'taille, te rattrape pas
Bien d'flipper le rap caille que j'taille, te rattrape pasEmbed",Daddy Lord C
Daddy Lord C,Un point d’honneur,"8 ContributorsUn point d’honneur Lyrics[Couplet 1]
Bien des victoires méritent honte, silence, sourdine et panier
J'nie pas, j'panique pas le rap fané nique pas le raffiné
Femmes et fans s'enflamment pour des tempos bateaux mal peaufinés
Ma gueule j'l'ouvre je l'affirme me vide car je l'avoue je l'ai fine
Quand depuis des lustres beaucoup se sont saignés pour être signés
Des bacs consignés pourtant du rap les plus conseillés
Les cons ça y est s'agitent ça jure à croire singerie injure
Domineront un jour franchise qualité une fatalité j'pense pas
Un manque de maturité ouais
Endurant, dur au mal j'durcis la procédure
Je sais que c'est dur de garder espoir quand certains sûrs d'eux au moins un sur deux
Se servent du rap façon Sardou pour parler de rue du jamais vu
Connus ni d'Adam ni d'Eve la question s'pose tous ceux-là sortent d'où ?
Bien que j'en sois mordu ce rap me dégoûte dessus je broute
Comme dit l'autre chacun sa route chacun son chemin moi j'prends le mien
J'donne pas mon boule, je reste net, j'm'efforce qu'on me respecte
Et là-dessus gamin
J'y mets un point d'honneur...
Respect oblige...
Respect oblige...

[Couplet 2]
Décale ! Décampe ! Tire-toi ! Béou ! Bouge je changerai pas de camp
Combien ? même frime filles ou flouze tombent en même temps
Tu m'en diras tant, je veux aucunement ressembler à un de ces gens
Plein de faux-semblant, vivant des cancans
Comptant sur les autres dans le caca
J'apprécie, j'préfère encore de loin comme tu dis cette racaille sans l'sou
Prête à tout, tout le temps saoule parlant sans cesse de palabres et de dessous
Déçu de ça ? j'm'en bats en déblatérant un rap vétérans de chien errant
Pas d'un rat invétéré qui vit en se terrant
Prêt à lourder frères et daronnes pour que l'embrouille se fasse enterrer
Mon son un clairon éclairant, ceux qui se reconnaîtront se tairont
La réussite qu'est ce que tu crois ? pourquoi je suis là, bien sûr je ne pense qu'à ça
J'mets le paquet, froisse, ma côte croisse quitte à bouffer l'pain rassis
Qu'un raciste réussisse l'assemblée se réunisse à faire en sorte que j'me retrouve à Roissy
J'mens pas j'donne pas mon boule j'reste net, j'm'efforce qu'on me respecte
Et là-dessus gamin, là-d'ssus gamin
J'y mets un point d'honneur...
Respect oblige...
Respect oblige...
Respect oblige...
You might also like[Couplet 3]
Chaque jour que Dieu fait j'essaie de faire en sorte que ça le fasse
Que ça se passe, qu'il y ait pas de casse, bien que j'ai pas de cash en sport pro mais sans le fric de pat cash
J'cache pas je cherche le pascal faut pas que je cale donc j'me tue à la tâche pour fuir la misère
Ça m'prend des heures d'trouver un plan à ma mesure qui m'assure fromage et dessert
Mon désir mon souhait un kaiser, un prince des tunes un brasseur
J'rêve c'est rasoir, en attendant j'travaille mes méninges, ménage ni les gars ni le son sur lequel j'me lâche et je lynche
Car j'apprécie luxe et beaux linges de jouer j'ai plus l'âge
C'qui me botte voir mon blase devenir plus large
Marre d'être en marge donc corrige soigne marginalise moins mon image
Être connu ou me faire connaître en tant que poète de mec honnête
Moi je regrette tout le mal, le crime sale que j'ai pu commettre
J'voudrais pas que mon gosse voie qu'il possède un père malhonnête
Y'a pas de quoi être fier
Façon j'me fie à mon étoile Allah ma comète
Qu'on me mette aux Baumettes, Fleury, Fresnes, la Santé
J'reste net j'm'efforce qu'on me respecte, j'donne pas mon boule
Et là-dessus gamin, là-dessus gamin
J'y mets un point d'honneur
Respect oblige
Respect oblige
Respect oblige

[Outro]
La Cliqua y met un point d'honneur
Respect oblige
Section Camouflage, Gallegos, S, Noï
Y mettent un point d'honneur
Respect oblige
Respect oblige
Dallas y met un point d'honneur
Les Dalton y mettent un point d'honneur
Wrung Division y met un point d'honneur
Respect oblige
Respect oblige
J'y mets un point d'honneurEmbed",Daddy Lord C
